Bocas del Toro (4),,,"4,654.0","159,228",34.2,,,,,,,,,,,,
,,,,,,,,,,,,,,,,,
,Bocas del Toro,,285.0,"17,274",60.6,,,,,,,,,,,,
,,,,,,,,,,,,,,,,,
,,Bocas del Toro  (cabecera),34.1,"6,708",196.8,,,,,,,,,,,,
,,Bastimentos,60.9,"2,589",42.5,,,,,,,,,,,,
,,Punta Laurel,71.3,"1,979",27.8,,,,,,,,,,,,
,,Tierra Oscura (4),49.5,"1,771",35.8,,,,,,,,,,,,
,,Bocas del Drago (52),31.2,"2,518",80.7,,,,,,,,,,,,
,,San Cristobal (52),38.0,"1,709",45.0,,,,,,,,,,,,
,,,,,,,,,,,,,,,,,
,Changuinola,,"2,222.5","101,091",45.5,,,,,,,,,,,,
,,,,,,,,,,,,,,,,,
,,Changuinola (cabecera),4.5,"6,136","1,367.8",,,,,,,,,,,,
,,Guabito,90.9,"6,573",72.3,,,,,,,,,,,,
,,El Teribe (5)     ,854.0,"3,251",3.8,,,,,,,,,,,,
,,El Empalme (16)               ,9.0,"11,462","1,273.1",,,,,,,,,,,,
,,Las Tablas (16),51.7,"5,002",96.8,,,,,,,,,,,,
,,Cochigró (21),205.1,"2,085",10.2,,,,,,,,,,,,
,,La Gloria (21),159.0,"3,232",20.3,,,,,,,,,,,,
,,Las Delicias (21),554.5,"1,773",3.2,,,,,,,,,,,,
,,Barriada 4 de Abril (42),13.0,"10,557",813.6,,,,,,,,,,,,
,,El Silencio (42),51.9,"3,839",74.0,,,,,,,,,,,,
,,Finca 6 (42),28.8,"8,982",311.4,,,,,,,,,,,,
,,Finca 30 (42),17.0,"8,801",517.6,,,,,,,,,,,,
,,Finca 60 (42),30.2,"5,329",176.4,,,,,,,,,,,,
,,Barranco Adentro (52),20.0,"4,871",243.2,,,,,,,,,,,,
,,Finca 4 (52),18.6,"5,781",310.5,,,,,,,,,,,,
,,Finca 12 (52),2.7,"3,264","1,196.0",,,,,,,,,,,,
,,Finca 51 (52),78.3,"5,732",73.2,,,,,,,,,,,,
,,Finca 66 (52),2.6,"2,184",854.1,,,,,,,,,,,,
,,La Mesa (52),30.8,"2,237",72.7,,,,,,,,,,,,
,,,,,,,,,,,,,,,,,
,Chiriquí Grande,,210.2,"12,495",59.4,,,,,,,,,,,,
,,,,,,,,,,,,,,,,,
,,Chiriquí Grande  (cabecera),60.3,"3,891",64.5,,,,,,,,,,,,
,,Miramar (4),26.7,729,27.3,,,,,,,,,,,,
,,Punta Peña (4),18.2,"3,060",167.7,,,,,,,,,,,,
,,Punta Robalo,50.6,"1,597",31.5,,,,,,,,,,,,
,,Rambala (4),32.7,"1,365",41.7,,,,,,,,,,,,
,,Bajo Cedro (21),21.5,"1,853",86.0,,,,,,,,,,,,
,,,,,,,,,,,,,,,,,
,Almirante (42),,"1,936.2","28,368",14.7,,,,,,,,,,,,
,,,,,,,,,,,,,,,,,
,,Almirante (cabecera),16.6,"4,886",293.5,,,,,,,,,,,,
,,Barrio Francés (42),18.1,"2,192",121.1,,,,,,,,,,,,
,,Barriada Guaymí (42),26.8,"4,754",177.6,,,,,,,,,,,,
,,Nance de Risco (21),125.4,"1,650",13.2,,,,,,,,,,,,
,,Valle de Agua Arriba (21),70.9,"3,939",55.5,,,,,,,,,,,,
,,Valle del Risco (5),306.3,"4,386",14.3,,,,,,,,,,,,
,,Bajo Culubre (52),844.8,963,1.1,,,,,,,,,,,,
,,Cauchero (52),139.8,"2,934",21.0,,,,,,,,,,,,
,,Ceiba (52),350.6,"1,361",3.9,,,,,,,,,,,,
,,Miraflores (52),36.9,"1,303",35.3,,,,,,,,,,,,
Coclé (6),,,"4,943.0","268,264",54.3,,,,,,,,,,,,
,,,,,,,,,,,,,,,,,
,Aguadulce,,470.0,"49,005",104.3,,,,,,,,,,,,
,,,,,,,,,,,,,,,,,
,,Aguadulce  (cabecera),50.4,"9,576",190.1,,,,,,,,,,,,
,,El Cristo,59.0,"3,085",52.3,,,,,,,,,,,,
,,El Roble,128.1,"4,830",37.7,,,,,,,,,,,,
,,Pocrí,6.0,"8,194","1,373.3",,,,,,,,,,,,
,,Barrios Unidos (6),64.9,"9,991",154.1,,,,,,,,,,,,
,,Pueblos Unidos (33),91.4,"4,055",44.4,,,,,,,,,,,,
,,Virgen del Carmen (34),16.4,"7,890",480.0,,,,,,,,,,,,
,,El Hato de San Juan de Dios (36),53.8,"1,384",25.7,,,,,,,,,,,,
,,,,,,,,,,,,,,,,,
,Antón (6),,743.9,"59,194",79.6,,,,,,,,,,,,
,,,,,,,,,,,,,,,,,
,,Antón  (cabecera),109.8,"10,711",97.5,,,,,,,,,,,,
,,Cabuya,62.3,"2,092",33.6,,,,,,,,,,,,
,,El Chirú,109.9,"3,889",35.4,,,,,,,,,,,,
,,El Retiro,69.5,"2,937",42.2,,,,,,,,,,,,
,,El Valle,35.0,"7,595",217.0,,,,,,,,,,,,
,,Juan Díaz,81.6,"3,516",43.1,,,,,,,,,,,,
,,Río Hato,134.5,"15,950",118.6,,,,,,,,,,,,
,,San Juan de Dios,56.1,"5,538",98.7,,,,,,,,,,,,
,,Santa Rita,43.4,"2,830",65.2,,,,,,,,,,,,
,,Caballero (6),41.7,"4,136",99.1,,,,,,,,,,,,
,,,,,,,,,,,,,,,,,
,La Pintada,,"1,031.3","29,698",28.8,,,,,,,,,,,,
,,,,,,,,,,,,,,,,,
,,La Pintada (cabecera),85.5,"4,497",52.6,,,,,,,,,,,,
,,El Harino,253.3,"5,752",22.7,,,,,,,,,,,,
,,El Potrero,74.9,"3,450",46.1,,,,,,,,,,,,
,,Llano Grande,88.0,"4,114",46.7,,,,,,,,,,,,
,,Piedras Gordas,135.0,"4,713",34.9,,,,,,,,,,,,
,,Las Lomas (14),86.3,"2,350",27.2,,,,,,,,,,,,
,,Llano Norte (24),308.2,"4,822",15.6,,,,,,,,,,,,
,,,,,,,,,,,,,,,,,
,Natá,,613.1,"19,741",32.2,,,,,,,,,,,,
,,,,,,,,,,,,,,,,,
,,Natá  (cabecera),175.0,"6,317",36.1,,,,,,,,,,,,
,,Capellanía,39.4,"2,967",75.3,,,,,,,,,,,,
,,El Caño,87.9,"3,440",39.2,,,,,,,,,,,,
,,Guzmán,73.1,978,13.4,,,,,,,,,,,,
,,Las Huacas,88.9,"1,581",17.8,,,,,,,,,,,,
,,Toza,86.0,"2,437",28.4,,,,,,,,,,,,
,,Villarreal (35),62.7,"2,021",32.2,,,,,,,,,,,,
,,,,,,,,,,,,,,,,,
,Olá,,377.2,"6,300",16.7,,,,,,,,,,,,
,,,,,,,,,,,,,,,,,
,,Olá  (cabecera),83.2,"1,472",17.7,,,,,,,,,,,,
,,El Copé,74.5,"1,503",20.2,,,,,,,,,,,,
,,El Palmar,104.5,"1,296",12.4,,,,,,,,,,,,
,,El Picacho,30.5,346,11.3,,,,,,,,,,,,
,,La Pava,84.5,"1,683",19.9,,,,,,,,,,,,
,,,,,,,,,,,,,,,,,
,Penonomé,,"1,707.5","104,326",61.1,,,,,,,,,,,,
,,,,,,,,,,,,,,,,,
,,Penonomé  (cabecera),53.4,"25,836",484.2,,,,,,,,,,,,
,,Cañaveral,63.4,"9,324",147.0,,,,,,,,,,,,
,,Coclé,115.4,"5,811",50.4,,,,,,,,,,,,
,,Chiguirí Arriba,104.0,"7,185",69.1,,,,,,,,,,,,
,,El Coco,148.3,"11,064",74.6,,,,,,,,,,,,
,,Pajonal,63.7,"7,678",120.4,,,,,,,,,,,,
,,Río Grande,94.2,"3,505",37.2,,,,,,,,,,,,
,,Río Indio,214.0,"4,026",18.8,,,,,,,,,,,,
,,Toabré,193.6,"7,440",38.4,,,,,,,,,,,,
,,Tulú,121.9,"2,241",18.4,,,,,,,,,,,,
,,Boca de Tucué (53),103.4,"2,090",20.2,,,,,,,,,,,,
,,Candelario Ovalle (53),99.0,"3,615",36.5,,,,,,,,,,,,
,,General Victoriano Lorenzo (53),79.1,"8,496",107.3,,,,,,,,,,,,
,,Las Minas (53),71.0,"2,662",37.5,,,,,,,,,,,,
,,Riecito (53),83.3,"1,315",15.8,,,,,,,,,,,,
,,San Miguel (53),99.7,"2,038",20.4,,,,,,,,,,,,
,,,,,,,,,,,,,,,,,
Colón,,,"4,605.0","281,956",61.2,,,,,,,,,,,,
,,,,,,,,,,,,,,,,,
,Colón,,"1,194.0","240,722",201.6,,,,,,,,,,,,
,,,,,,,,,,,,,,,,,
,Ciudad de Colón,,3.0,"18,783","6,296.7",,,,,,,,,,,,
,,,,,,,,,,,,,,,,,
,,Barrio Norte,1.3,"12,320","9,325.9",,,,,,,,,,,,
,,Barrio Sur,1.7,"6,463","3,888.9",,,,,,,,,,,,
,,,,,,,,,,,,,,,,,
,Resto del distrito,,"1,191.0","221,939",186.4,,,,,,,,,,,,
,,,,,,,,,,,,,,,,,
,,Buena Vista,113.0,"19,221",170.2,,,,,,,,,,,,
,,Cativá,22.1,"37,000","1,672.2",,,,,,,,,,,,
,,Ciricito,66.4,"3,174",47.8,,,,,,,,,,,,
,,Cristóbal,412.9,"10,466",25.3,,,,,,,,,,,,
,,Escobal,78.1,"2,293",29.3,,,,,,,,,,,,
,,Limón,76.4,"5,546",72.6,,,,,,,,,,,,
,,Nueva Providencia,17.6,"8,734",495.4,,,,,,,,,,,,
,,Puerto Pilón,99.3,"18,285",184.2,,,,,,,,,,,,
,,Sabanitas,11.7,"23,630","2,013.4",,,,,,,,,,,,
,,Salamanca,195.3,"5,043",25.8,,,,,,,,,,,,
,,San Juan,41.7,"22,499",539.8,,,,,,,,,,,,
,,Santa Rosa,27.5,"1,232",44.7,,,,,,,,,,,,
,,Cristóbal Este (39),28.9,"64,816","2,242.4",,,,,,,,,,,,
,,,,,,,,,,,,,,,,,
,Chagres,,447.2,"10,968",24.5,,,,,,,,,,,,
,,,,,,,,,,,,,,,,,
,,Nuevo Chagres  (cabecera),5.7,567,99.2,,,,,,,,,,,,
,,Achiote,62.0,938,15.1,,,,,,,,,,,,
,,El Guabo,52.7,"1,553",29.5,,,,,,,,,,,,
,,La Encantada,135.5,"2,333",17.2,,,,,,,,,,,,
,,Palmas Bellas,55.4,"2,151",38.8,,,,,,,,,,,,
,,Piña,29.9,888,29.7,,,,,,,,,,,,
,,Salud,106.0,"2,538",23.9,,,,,,,,,,,,
,Donoso,,"1,627.8","12,274",7.5,,,,,,,,,,,,
,,,,,,,,,,,,,,,,,
,,Miguel de la Borda (cabecera),310.5,"2,408",7.8,,,,,,,,,,,,
,,Coclé del Norte,931.7,"4,301",4.6,,,,,,,,,,,,
,,El Guásimo,295.6,"3,494",11.8,,,,,,,,,,,,
,,Gobea,53.6,927,17.3,,,,,,,,,,,,
,,Río Indio,36.4,"1,144",31.4,,,,,,,,,,,,
,,,,,,,,,,,,,,,,,
,Portobelo,,398.7,"10,320",25.9,,,,,,,,,,,,
,,,,,,,,,,,,,,,,,
,,Portobelo  (cabecera),244.6,"4,910",20.1,,,,,,,,,,,,
,,Cacique,11.7,308,26.4,,,,,,,,,,,,
,,Puerto Lindo o Garrote,24.7,"1,011",41.0,,,,,,,,,,,,
,,Isla Grande,26.9,988,36.7,,,,,,,,,,,,
,,María Chiquita,90.8,"3,103",34.2,,,,,,,,,,,,
,,,,,,,,,,,,,,,,,
,Santa Isabel,,739.9,"4,111",5.6,,,,,,,,,,,,
,,,,,,,,,,,,,,,,,
,,Palenque (cabecera),68.6,508,7.4,,,,,,,,,,,,
,,Cuango,46.1,624,13.5,,,,,,,,,,,,
,,Miramar,15.9,389,24.4,,,,,,,,,,,,
,,Nombre de Dios,150.3,"1,127",7.5,,,,,,,,,,,,
,,Palmira,176.9,404,2.3,,,,,,,,,,,,
,,Playa Chiquita,113.0,196,1.7,,,,,,,,,,,,
,,Santa Isabel,134.4,276,2.1,,,,,,,,,,,,
,,Viento Frío,34.6,587,16.9,,,,,,,,,,,,
,,,,,,,,,,,,,,,,,
,Omar Torrijos Herrera (50),,197.5,"3,561",18.0,,,,,,,,,,,,
,,,,,,,,,,,,,,,,,
,,San José del General (cabecera),62.7,"1,865",29.7,,,,,,,,,,,,
,,Nueva Esperanza (50),79.8,889,11.1,,,,,,,,,,,,
,,San Juan de Turbe (50),55.1,807,14.7,,,,,,,,,,,,
,,,,,,,,,,,,,,,,,
Chiriquí (4),,,"6,584.0","471,071",71.5,,,,,,,,,,,,
,,,,,,,,,,,,,,,,,
,Alanje,,455.2,"18,877",41.5,,,,,,,,,,,,
,,,,,,,,,,,,,,,,,
,,Alanje  (cabecera),20.8,"3,186",153.2,,,,,,,,,,,,
,,Divalá,61.4,"3,496",56.9,,,,,,,,,,,,
,,El Tejar,35.4,"2,113",59.7,,,,,,,,,,,,
,,Guarumal,91.4,"2,743",30.0,,,,,,,,,,,,
,,Palo Grande,41.0,642,15.7,,,,,,,,,,,,
,,Querévalo,36.7,"2,006",54.7,,,,,,,,,,,,
,,Santo Tomás,56.4,"1,511",26.8,,,,,,,,,,,,
,,Canta Gallo (17),38.1,683,17.9,,,,,,,,,,,,
,,Nuevo México (17),74.0,"2,497",33.8,,,,,,,,,,,,
,,,,,,,,,,,,,,,,,
,Barú,,600.2,"56,307",93.8,,,,,,,,,,,,
,,,,,,,,,,,,,,,,,
,,Puerto Armuelles  (cabecera),124.1,"12,249",98.7,,,,,,,,,,,,
,,Limones,56.2,"1,159",20.6,,,,,,,,,,,,
,,Progreso,55.7,"11,690",209.8,,,,,,,,,,,,
,,Baco (4),75.5,"8,008",106.1,,,,,,,,,,,,
,,Rodolfo Aguilar Delgado (4),109.7,"8,851",80.7,,,,,,,,,,,,
,,El Palmar (51),98.2,"6,147",62.6,,,,,,,,,,,,
,,Manaca (51),80.8,"8,203",101.5,,,,,,,,,,,,
,Boquerón,,298.2,"21,001",70.4,,,,,,,,,,,,
,,,,,,,,,,,,,,,,,
,,Boquerón  (cabecera),40.6,"5,083",125.3,,,,,,,,,,,,
,,Bágala,43.3,"5,113",118.0,,,,,,,,,,,,
,,Cordillera,48.8,483,9.9,,,,,,,,,,,,
,,Guabal,32.4,"1,126",34.8,,,,,,,,,,,,
,,Guayabal,57.6,"2,420",42.0,,,,,,,,,,,,
,,Paraíso,36.4,683,18.8,,,,,,,,,,,,
,,Pedregal,20.8,"2,627",126.1,,,,,,,,,,,,
,,Tijeras,18.2,"3,466",190.5,,,,,,,,,,,,
,,,,,,,,,,,,,,,,,
,Boquete,,489.8,"23,562",48.1,,,,,,,,,,,,
,,,,,,,,,,,,,,,,,
,,Bajo Boquete  (cabecera),19.2,"4,203",219.3,,,,,,,,,,,,
,,Caldera,146.6,"1,637",11.2,,,,,,,,,,,,
,,Palmira,56.4,"2,440",43.3,,,,,,,,,,,,
,,Alto Boquete (6),88.1,"8,111",92.1,,,,,,,,,,,,
,,Jaramillo (6),69.0,"2,942",42.6,,,,,,,,,,,,
,,Los Naranjos (6),110.6,"4,229",38.3,,,,,,,,,,,,
,,,,,,,,,,,,,,,,,
,Bugaba,,517.3,"68,870",133.1,,,,,,,,,,,,
,,,,,,,,,,,,,,,,,
,,La Concepción  (cabecera),43.0,"21,280",494.8,,,,,,,,,,,,
,,Aserrío de Gariché,52.5,"6,015",114.5,,,,,,,,,,,,
,,Bugaba,13.1,"4,845",369.8,,,,,,,,,,,,
,,Gómez,40.2,"2,746",68.3,,,,,,,,,,,,
,,La Estrella,49.2,"6,032",122.5,,,,,,,,,,,,
,,San Andrés,65.5,"2,527",38.6,,,,,,,,,,,,
,,Santa Marta,30.1,"4,106",136.2,,,,,,,,,,,,
,,Santa Rosa,47.5,"1,677",35.3,,,,,,,,,,,,
,,Santo Domingo,51.0,"3,814",74.8,,,,,,,,,,,,
,,Sortová,33.6,"2,850",84.9,,,,,,,,,,,,
,,El Bongo (4),41.6,"1,706",41.0,,,,,,,,,,,,
,,Solano (32),2.9,"4,643","1,606.8",,,,,,,,,,,,
,,San Isidro (49),47.1,"6,629",140.8,,,,,,,,,,,,
,,,,,,,,,,,,,,,,,
,David,,892.4,"156,498",175.4,,,,,,,,,,,,
,,,,,,,,,,,,,,,,,
,,David  (cabecera),15.7,"16,051","1,025.3",,,,,,,,,,,,
,,Bijagual,83.8,878,10.5,,,,,,,,,,,,
,,Cochea,58.7,"3,036",51.7,,,,,,,,,,,,
,,Chiriquí,213.6,"6,703",31.4,,,,,,,,,,,,
,,Guacá,63.5,"2,565",40.4,,,,,,,,,,,,
,,Las Lomas,77.1,"25,297",328.1,,,,,,,,,,,,
,,Pedregal,159.4,"17,078",107.1,,,,,,,,,,,,
,,San Carlos,49.6,"5,306",107.0,,,,,,,,,,,,
,,San Pablo Nuevo,59.1,"2,731",46.2,,,,,,,,,,,,
,,San Pablo Viejo,59.4,"16,041",270.2,,,,,,,,,,,,
,,David Este (48),28.9,"27,145",937.7,,,,,,,,,,,,
,,David Sur (48),23.7,"33,667","1,421.5",,,,,,,,,,,,
,Dolega,,251.4,"37,678",149.9,,,,,,,,,,,,
,,,,,,,,,,,,,,,,,
,,Dolega  (cabecera),26.6,"4,838",181.6,,,,,,,,,,,,
,,Dos Ríos,18.2,"1,857",101.8,,,,,,,,,,,,
,,Los Anastacios,10.8,"4,262",393.3,,,,,,,,,,,,
,,Potrerillos,55.3,"1,880",34.0,,,,,,,,,,,,
,,Potrerillos Abajo,34.5,"2,153",62.4,,,,,,,,,,,,
,,Rovira,45.0,"2,285",50.7,,,,,,,,,,,,
,,Tinajas,31.1,"2,053",66.0,,,,,,,,,,,,
,,Los Algarrobos (12),29.7,"18,350",617.5,,,,,,,,,,,,
,,,,,,,,,,,,,,,,,
,Gualaca,,619.0,"9,831",15.9,,,,,,,,,,,,
,,,,,,,,,,,,,,,,,
,,Gualaca  (cabecera),233.8,"5,879",25.1,,,,,,,,,,,,
,,Hornito,173.5,"1,175",6.8,,,,,,,,,,,,
,,Los Ángeles,80.3,668,8.3,,,,,,,,,,,,
,,Paja de Sombrero,65.5,633,9.7,,,,,,,,,,,,
,,Rincón,65.9,"1,476",22.4,,,,,,,,,,,,
,,,,,,,,,,,,,,,,,
,Remedios (4),,172.2,"4,388",25.5,,,,,,,,,,,,
,,,,,,,,,,,,,,,,,
,,Remedios  (cabecera),47.0,844,18.0,,,,,,,,,,,,
,,El Nancito,34.9,593,17.0,,,,,,,,,,,,
,,El Porvenir (4),28.0,"1,568",56.0,,,,,,,,,,,,
,,El Puerto (4),36.6,799,21.8,,,,,,,,,,,,
,,Santa Lucia (4),25.7,584,22.7,,,,,,,,,,,,
,,,,,,,,,,,,,,,,,
,Renacimiento,,528.6,"22,429",42.4,,,,,,,,,,,,
,,,,,,,,,,,,,,,,,
,,Río Sereno  (cabecera),77.7,"6,109",78.6,,,,,,,,,,,,
,,Breñon,35.5,645,18.1,,,,,,,,,,,,
,,Cañas Gordas,60.8,"2,508",41.2,,,,,,,,,,,,
,,Monte Lirio,46.0,"3,477",75.7,,,,,,,,,,,,
,,Plaza Caisán,96.6,"3,518",36.4,,,,,,,,,,,,
,,Santa Cruz,59.5,"1,880",31.6,,,,,,,,,,,,
,,Dominical (17),82.7,822,9.9,,,,,,,,,,,,
,,Santa Clara (17),69.7,"3,470",49.8,,,,,,,,,,,,
,,,,,,,,,,,,,,,,,
,San Félix (4),,226.3,"6,881",30.4,,,,,,,,,,,,
,,,,,,,,,,,,,,,,,
,,Las Lajas  (cabecera),58.3,"1,521",26.1,,,,,,,,,,,,
,,Juay,33.9,633,18.7,,,,,,,,,,,,
,,Lajas Adentro (4),18.7,868,46.3,,,,,,,,,,,,
,,San Felix,56.5,"3,333",59.0,,,,,,,,,,,,
,,Santa Cruz (4),58.9,526,8.9,,,,,,,,,,,,
,,,,,,,,,,,,,,,,,
,San Lorenzo (4),,688.8,"8,031",11.7,,,,,,,,,,,,
,,,,,,,,,,,,,,,,,
,,Horconcitos  (cabecera),77.9,"1,052",13.5,,,,,,,,,,,,
,,Boca Chica,115.8,553,4.8,,,,,,,,,,,,
,,Boca del Monte,246.5,"2,071",8.4,,,,,,,,,,,,
,,San Juan,109.6,"1,672",15.3,,,,,,,,,,,,
,,San Lorenzo,139.0,"2,683",19.3,,,,,,,,,,,,
,,,,,,,,,,,,,,,,,
,Tolé (4),,484.9,"13,193",27.2,,,,,,,,,,,,
,,,,,,,,,,,,,,,,,
,,Tolé  (cabecera),78.5,"3,372",43.0,,,,,,,,,,,,
,,Bella Vista (4),38.6,759,19.7,,,,,,,,,,,,
,,Cerro Viejo,58.5,"2,057",35.2,,,,,,,,,,,,
,,El Cristo (4),31.9,"2,043",64.0,,,,,,,,,,,,
,,Justo Fidel Palacios (4),26.3,808,30.7,,,,,,,,,,,,
,,Lajas de Tolé,70.8,725,10.2,,,,,,,,,,,,
,,Potrero de Caña,19.1,502,26.3,,,,,,,,,,,,
,,Quebrada de Piedra,111.8,"1,041",9.3,,,,,,,,,,,,
,,Veladero (4),49.4,"1,886",38.2,,,,,,,,,,,,
,,,,,,,,,,,,,,,,,
,Tierras Altas (32),,359.8,"23,525",65.4,,,,,,,,,,,,
,,,,,,,,,,,,,,,,,
,,Volcán (cabecera),90.1,"7,077",78.5,,,,,,,,,,,,
,,Cerro Punta,73.2,"4,828",66.0,,,,,,,,,,,,
,,Cuesta de Piedra (32),28.9,955,33.0,,,,,,,,,,,,
,,Nueva California (32),123.1,"5,995",48.7,,,,,,,,,,,,
,,Paso Ancho (32),44.5,"4,670",104.9,,,,,,,,,,,,
,,,,,,,,,,,,,,,,,
Darién,,,"12,042.7","54,235",4.5,,,,,,,,,,,,
,,,,,,,,,,,,,,,,,
,Chepigana,,"4,697.5","12,983",2.8,,,,,,,,,,,,
,,,,,,,,,,,,,,,,,
,,La Palma  (cabecera),572.0,"3,793",6.6,,,,,,,,,,,,
,,Camogantí,571.0,377,0.7,,,,,,,,,,,,
,,Chepigana,270.4,796,2.9,,,,,,,,,,,,
,,Garachiné,203.2,"1,953",9.6,,,,,,,,,,,,
,,Jaqué,"1,095.7","1,738",1.6,,,,,,,,,,,,
,,Puerto Piña,300.4,"1,139",3.8,,,,,,,,,,,,
,,Sambú,41.1,856,20.8,,,,,,,,,,,,
,,Setegantí,95.7,589,6.2,,,,,,,,,,,,
,,Taimatí,196.8,618,3.1,,,,,,,,,,,,
,,Tucutí,"1,351.2","1,124",0.8,,,,,,,,,,,,
,,,,,,,,,,,,,,,,,
,Pinogana,,"4,894.8","21,523",4.4,,,,,,,,,,,,
,,,,,,,,,,,,,,,,,
,,El Real de Santa María (Cab.),118.0,"1,078",9.1,,,,,,,,,,,,
,,Boca de Cupé,708.4,"1,117",1.6,,,,,,,,,,,,
,,Paya,"1,133.1",862,0.8,,,,,,,,,,,,
,,Pinogana,53.9,477,8.8,,,,,,,,,,,,
,,Púcuro,98.5,427,4.3,,,,,,,,,,,,
,,Yape,522.3,266,0.5,,,,,,,,,,,,
,,Yaviza,424.9,"4,824",11.4,,,,,,,,,,,,
,,Metetí (6),883.5,"9,691",11.0,,,,,,,,,,,,
,,Comarca Kuna de Wargandí (8),952.2,"2,781",2.9,,,,,,,,,,,,
,,,,,,,,,,,,,,,,,
,Santa Fe (45),,"2,450.4","19,729",8.1,,,,,,,,,,,,
,,,,,,,,,,,,,,,,,
,,Río Congo,533.6,"1,429",2.7,,,,,,,,,,,,
,,Río Iglesias,490.8,"1,986",4.0,,,,,,,,,,,,
,,Agua Fría (6),314.1,"3,160",10.1,,,,,,,,,,,,
,,Cucunatí (6),200.0,"1,190",5.9,,,,,,,,,,,,
,,Río Congo Arriba (6),319.0,"2,102",6.6,,,,,,,,,,,,
,,Santa Fe (cabecera) (6),476.3,"5,747",12.1,,,,,,,,,,,,
,,Zapallal (41),116.6,"4,115",35.3,,,,,,,,,,,,
Herrera (6),,,"2,362.9","122,071",51.7,,,,,,,,,,,,
,,,,,,,,,,,,,,,,,
,Chitré,,88.4,"60,957",689.6,,,,,,,,,,,,
,,,,,,,,,,,,,,,,,
,,Chitré  (cabecera),12.8,"9,022",704.3,,,,,,,,,,,,
,,La Arena,27.6,"8,780",317.6,,,,,,,,,,,,
,,Monagrillo,27.9,"19,419",695.3,,,,,,,,,,,,
,,Llano Bonito (6),11.6,"10,938",946.1,,,,,,,,,,,,
,,San Juan Bautista (6),8.5,"12,798","1,514.5",,,,,,,,,,,,
,,,,,,,,,,,,,,,,,
,Las Minas,,468.7,"6,642",14.2,,,,,,,,,,,,
,,,,,,,,,,,,,,,,,
,,Las Minas  (cabecera),57.3,"1,988",34.7,,,,,,,,,,,,
,,Chepo,142.0,"1,289",9.1,,,,,,,,,,,,
,,Chumical,24.9,673,27.0,,,,,,,,,,,,
,,El Toro,83.3,619,7.4,,,,,,,,,,,,
,,Leones,72.5,640,8.8,,,,,,,,,,,,
,,Quebrada del Rosario,46.2,682,14.8,,,,,,,,,,,,
,,Quebrada El Ciprián (17),42.6,751,17.6,,,,,,,,,,,,
,,,,,,,,,,,,,,,,,
,Los Pozos,,384.8,"6,928",18.0,,,,,,,,,,,,
,,,,,,,,,,,,,,,,,
,,Los Pozos  (cabecera),58.0,"2,218",38.2,,,,,,,,,,,,
,,Capurí,18.3,471,25.7,,,,,,,,,,,,
,,El Calabacito,34.3,568,16.6,,,,,,,,,,,,
,,El Cedro,34.1,423,12.4,,,,,,,,,,,,
,,La Arena,23.8,521,21.9,,,,,,,,,,,,
,,La Pitaloza,84.9,482,5.7,,,,,,,,,,,,
,,Los Cerritos,32.7,940,28.8,,,,,,,,,,,,
,,Los Cerros de Paja,37.0,771,20.9,,,,,,,,,,,,
,,Las Llanas (15),61.8,534,8.6,,,,,,,,,,,,
,,,,,,,,,,,,,,,,,
,Ocú,,618.6,"16,116",26.1,,,,,,,,,,,,
,,,,,,,,,,,,,,,,,
,,Ocú  (cabecera),122.1,"7,756",63.5,,,,,,,,,,,,
,,Cerro Largo,52.2,609,11.7,,,,,,,,,,,,
,,Los Llanos,98.0,"2,069",21.1,,,,,,,,,,,,
,,Llano Grande,71.3,"1,106",15.5,,,,,,,,,,,,
,,Peñas Chatas,88.9,"2,033",22.9,,,,,,,,,,,,
,,El Tijera (6),66.9,440,6.6,,,,,,,,,,,,
,,Menchaca (17),66.4,"1,479",22.3,,,,,,,,,,,,
,,Entradero del Castillo (26),52.8,624,11.8,,,,,,,,,,,,
,,,,,,,,,,,,,,,,,
,Parita,,354.0,"9,695",27.4,,,,,,,,,,,,
,,,,,,,,,,,,,,,,,
,,Parita  (cabecera),108.9,"4,180",38.4,,,,,,,,,,,,
,,Cabuya,59.5,"1,136",19.1,,,,,,,,,,,,
,,Los Castillos,22.6,823,36.5,,,,,,,,,,,,
,,Llano de la Cruz,10.8,359,33.2,,,,,,,,,,,,
,,París,76.0,"1,176",15.5,,,,,,,,,,,,
,,Portobelillo,27.1,961,35.4,,,,,,,,,,,,
,,Potuga,49.1,"1,060",21.6,,,,,,,,,,,,
,Pesé,,289.0,"13,009",45.0,,,,,,,,,,,,
,,,,,,,,,,,,,,,,,
,,Pesé  (cabecera),5.5,"2,771",505.6,,,,,,,,,,,,
,,Las Cabras,58.4,"2,147",36.8,,,,,,,,,,,,
,,El Pájaro,23.3,827,35.5,,,,,,,,,,,,
,,El Barrero,36.9,"2,007",54.5,,,,,,,,,,,,
,,El Pedregoso,31.5,"1,500",47.6,,,,,,,,,,,,
,,El Ciruelo,45.7,777,17.0,,,,,,,,,,,,
,,Sabanagrande,58.2,"1,617",27.8,,,,,,,,,,,,
,,Rincón Hondo,29.6,"1,363",46.0,,,,,,,,,,,,
,,,,,,,,,,,,,,,,,
,Santa María,,159.4,"8,724",54.7,,,,,,,,,,,,
,,,,,,,,,,,,,,,,,
,,Santa María  (cabecera),24.7,"2,261",91.6,,,,,,,,,,,,
,,Chupampa,23.8,"1,334",56.1,,,,,,,,,,,,
,,El Rincón,40.4,"1,750",43.3,,,,,,,,,,,,
,,El Limón (6),23.4,"1,258",53.6,,,,,,,,,,,,
,,Los Canelos (6),47.1,"2,121",45.0,,,,,,,,,,,,
,,,,,,,,,,,,,,,,,
Los Santos (6),,,"3,812.0","98,466",25.8,,,,,,,,,,,,
,,,,,,,,,,,,,,,,,
,Guararé,,212.8,"12,107",56.9,,,,,,,,,,,,
,,,,,,,,,,,,,,,,,
,,Guararé  (cabecera),16.7,"5,388",322.1,,,,,,,,,,,,
,,El Espinal,35.2,"1,277",36.3,,,,,,,,,,,,
,,El Macano,29.0,253,8.7,,,,,,,,,,,,
,,Guararé Arriba,8.6,379,44.2,,,,,,,,,,,,
,,La Enea,13.1,"1,688",128.5,,,,,,,,,,,,
,,La Pasera,17.5,"1,245",71.2,,,,,,,,,,,,
,,Las Trancas,29.1,515,17.7,,,,,,,,,,,,
,,Llano Abajo,21.4,574,26.9,,,,,,,,,,,,
,,El Hato (6),24.3,369,15.2,,,,,,,,,,,,
,,Perales (6),17.8,419,23.5,,,,,,,,,,,,
,,,,,,,,,,,,,,,,,
,Las Tablas,,717.1,"30,440",42.5,,,,,,,,,,,,
,,,,,,,,,,,,,,,,,
,,Las Tablas  (cabecera),9.8,"8,655",886.3,,,,,,,,,,,,
,,Bajo Corral,63.3,465,7.3,,,,,,,,,,,,
,,Bayano,114.0,608,5.3,,,,,,,,,,,,
,,El Carate,17.7,"1,308",73.9,,,,,,,,,,,,
,,El Cocal,7.1,"2,333",330.2,,,,,,,,,,,,
,,El Manantial,26.9,"1,497",55.6,,,,,,,,,,,,
,,El Muñoz,32.9,400,12.1,,,,,,,,,,,,
,,El Pedregoso,7.2,288,39.9,,,,,,,,,,,,
,,La Laja,4.5,605,134.0,,,,,,,,,,,,
,,La Miel,40.0,243,6.1,,,,,,,,,,,,
,,La Palma,13.3,"1,122",84.6,,,,,,,,,,,,
,,La Tiza,3.8,"1,843",484.7,,,,,,,,,,,,
,,Las Palmitas,11.2,"2,743",244.9,,,,,,,,,,,,
,,Las Tablas Abajo,15.9,"2,170",136.6,,,,,,,,,,,,
,,Nuario,95.1,173,1.8,,,,,,,,,,,,
,,Palmira,9.5,140,14.7,,,,,,,,,,,,
,,Peña Blanca,7.9,"1,043",132.3,,,,,,,,,,,,
,,Río Hondo,32.3,182,5.6,,,,,,,,,,,,
,,San José,61.8,656,10.6,,,,,,,,,,,,
,Las Tablas: (Continuación),,,,,,,,,,,,,,,,
,,,,,,,,,,,,,,,,,
,,San Miguel,10.2,114,11.2,,,,,,,,,,,,
,,Santo Domingo,48.3,"2,232",46.2,,,,,,,,,,,,
,,Sesteadero,4.2,"1,053",253.3,,,,,,,,,,,,
,,Valle Rico,41.1,324,7.9,,,,,,,,,,,,
,,Vallerriquito,39.1,243,6.2,,,,,,,,,,,,
,,,,,,,,,,,,,,,,,
,Los Santos,,432.1,"30,028",69.5,,,,,,,,,,,,
,,,,,,,,,,,,,,,,,
,,La Villa de los Santos (Cab.) (5),74.5,"9,724",130.5,,,,,,,,,,,,
,,El Guásimo,30.8,629,20.4,,,,,,,,,,,,
,,La Colorada,20.6,"1,018",49.5,,,,,,,,,,,,
,,La Espigadilla,29.4,"1,782",60.7,,,,,,,,,,,,
,,Las Cruces,43.3,"1,463",33.8,,,,,,,,,,,,
,,Las Guabas,21.7,728,33.6,,,,,,,,,,,,
,,Los Angeles,20.6,943,45.8,,,,,,,,,,,,
,,Los Olivos,27.0,"1,484",54.9,,,,,,,,,,,,
,,Llano Largo,10.3,"2,689",262.0,,,,,,,,,,,,
,,Sabanagrande,33.1,"2,051",61.9,,,,,,,,,,,,
,,Santa Ana,54.8,"2,004",36.6,,,,,,,,,,,,
,,Tres Quebradas,12.6,864,68.6,,,,,,,,,,,,
,,Agua Buena (6),10.4,"1,260",121.7,,,,,,,,,,,,
,,Villa Lourdes (6),27.6,"1,203",43.6,,,,,,,,,,,,
,,El Ejido (37),15.5,"2,186",141.0,,,,,,,,,,,,
,,,,,,,,,,,,,,,,,
,Macaracas,,505.4,"8,965",17.7,,,,,,,,,,,,
,,,,,,,,,,,,,,,,,
,,Macaracas  (cabecera),35.0,"2,832",81.0,,,,,,,,,,,,
,,Bahía Honda,28.3,686,24.2,,,,,,,,,,,,
,,Bajos de Güera,95.0,471,5.0,,,,,,,,,,,,
,,Corozal,26.4,637,24.1,,,,,,,,,,,,
,,Chupá,17.8,571,32.0,,,,,,,,,,,,
,,El Cedro,28.2,502,17.8,,,,,,,,,,,,
,,Espino Amarillo,26.6,211,7.9,,,,,,,,,,,,
,,La Mesa,48.5,673,13.9,,,,,,,,,,,,
,,Las Palmas,42.5,395,9.3,,,,,,,,,,,,
,,Llano de Piedra,101.7,"1,804",17.7,,,,,,,,,,,,
,,Mogollón,55.5,183,3.3,,,,,,,,,,,,
,,,,,,,,,,,,,,,,,
,Pedasí,,376.6,"4,942",13.1,,,,,,,,,,,,
,,,,,,,,,,,,,,,,,
,,Pedasí  (cabecera),112.9,"2,980",26.4,,,,,,,,,,,,
,,Los Asientos,90.0,714,7.9,,,,,,,,,,,,
,,Mariabé,46.9,373,7.9,,,,,,,,,,,,
,,Purio,24.2,498,20.6,,,,,,,,,,,,
,,Oria Arriba (6),102.6,377,3.7,,,,,,,,,,,,
,,,,,,,,,,,,,,,,,
,Pocrí,,276.2,"3,025",11.0,,,,,,,,,,,,
,,,,,,,,,,,,,,,,,
,,Pocrí  (cabecera),57.4,983,17.1,,,,,,,,,,,,
,,El Cañafístulo,56.7,271,4.8,,,,,,,,,,,,
,,Lajamina,52.0,459,8.8,,,,,,,,,,,,
,,Paraíso,61.3,589,9.6,,,,,,,,,,,,
,,Paritilla,48.7,723,14.8,,,,,,,,,,,,
,Tonosí,,"1,291.8","8,959",6.9,,,,,,,,,,,,
,,,,,,,,,,,,,,,,,
,,Tonosí  (cabecera),85.3,"2,170",25.5,,,,,,,,,,,,
,,Altos de Güera,140.1,498,3.6,,,,,,,,,,,,
,,Cañas,97.0,703,7.2,,,,,,,,,,,,
,,El Bebedero,115.6,"1,297",11.2,,,,,,,,,,,,
,,El Cacao,92.2,970,10.5,,,,,,,,,,,,
,,El Cortezo,150.7,544,3.6,,,,,,,,,,,,
,,Flores,105.7,538,5.1,,,,,,,,,,,,
,,Guánico,209.7,827,3.9,,,,,,,,,,,,
,,La Tronosa,84.5,476,5.6,,,,,,,,,,,,
,,Cambutal (6),183.6,575,3.1,,,,,,,,,,,,
,,Isla de Cañas (19),27.3,361,13.2,,,,,,,,,,,,
,,,,,,,,,,,,,,,,,
Panamá,,,"8,478.5","1,439,575",169.8,,,,,,,,,,,,
,,,,,,,,,,,,,,,,,
,Balboa,,331.8,"1,989",6.0,,,,,,,,,,,,
,,,,,,,,,,,,,,,,,
,,San Miguel  (cabecera),129.3,738,5.7,,,,,,,,,,,,
,,La Ensenada,66.3,55,0.8,,,,,,,,,,,,
,,La Esmeralda,39.2,570,14.5,,,,,,,,,,,,
,,La Guinea,29.4,42,1.4,,,,,,,,,,,,
,,Pedro González,59.7,287,4.8,,,,,,,,,,,,
,,Saboga,7.9,297,37.6,,,,,,,,,,,,
,,,,,,,,,,,,,,,,,
,Chepo,,"5,043.5","65,588",13.0,,,,,,,,,,,,
,,,,,,,,,,,,,,,,,
,,Chepo (cabecera),429.6,"34,425",80.1,,,,,,,,,,,,
,,Cañita,402.6,"2,764",6.9,,,,,,,,,,,,
,,Chepillo,0.5,195,355.4,,,,,,,,,,,,
,,El Llano,440.8,"3,312",7.5,,,,,,,,,,,,
,,Las Margaritas,261.9,"5,658",21.6,,,,,,,,,,,,
,,Santa Cruz de Chinina,361.5,"1,200",3.3,,,,,,,,,,,,
,,Comarca Kuna de Madungandí (3),"2,127.2","7,647",3.6,,,,,,,,,,,,
,,Tortí (6),"1,019.4","10,387",10.2,,,,,,,,,,,,
,,,,,,,,,,,,,,,,,
,Chimán,,995.5,"3,142",3.2,,,,,,,,,,,,
,,,,,,,,,,,,,,,,,
,,Chimán  (cabecera),222.2,"1,013",4.6,,,,,,,,,,,,
,,Brujas,149.9,614,4.1,,,,,,,,,,,,
,,Gonzalo Vásquez,41.8,207,4.9,,,,,,,,,,,,
,,Pásiga (5),195.8,459,2.3,,,,,,,,,,,,
,,Unión Santeña (5),385.7,849,2.2,,,,,,,,,,,,
,,,,,,,,,,,,,,,,,
,Panamá,,"2,045.6","1,086,990",531.4,,,,,,,,,,,,
,,,,,,,,,,,,,,,,,
,Ciudad de Panamá,,86.6,"410,354","4,740.2",,,,,,,,,,,,
,,,,,,,,,,,,,,,,,
,,San Felipe,0.3,"1,258","4,089.0",,,,,,,,,,,,
,,El Chorrillo,0.5,"16,335","33,264.4",,,,,,,,,,,,
,,Santa Ana,0.8,"13,495","17,049.9",,,,,,,,,,,,
,,La Exposición o Calidonia,1.8,"17,300","9,721.3",,,,,,,,,,,,
,,Curundú,1.2,"15,458","12,861.2",,,,,,,,,,,,
,,Betania,8.2,"42,199","5,124.5",,,,,,,,,,,,
,,Bella Vista,4.6,"33,710","7,358.4",,,,,,,,,,,,
,Ciudad de Panamá: (Continuación),,,,,,,,,,,,,,,,
,,,,,,,,,,,,,,,,,
,,Pueblo Nuevo,3.1,"24,167","7,709.0",,,,,,,,,,,,
,,San Francisco,6.7,"61,290","9,210.1",,,,,,,,,,,,
,,Parque Lefevre,7.2,"42,832","5,923.7",,,,,,,,,,,,
,,Río Abajo,3.8,"28,045","7,344.3",,,,,,,,,,,,
,,Juan Díaz,19.8,"56,583","2,856.7",,,,,,,,,,,,
,,Pedregal,28.5,"57,682","2,021.5",,,,,,,,,,,,
,,,,,,,,,,,,,,,,,
,Resto del distrito,,"1,959.1","676,636",345.4,,,,,,,,,,,,
,,,,,,,,,,,,,,,,,
,,Ancón,193.4,"37,224",192.4,,,,,,,,,,,,
,,Chilibre,58.2,"49,582",852.1,,,,,,,,,,,,
,,Las Cumbres,27.9,"39,923","1,433.4",,,,,,,,,,,,
,,Pacora,211.5,"70,283",332.4,,,,,,,,,,,,
,,San Martín,140.4,"5,485",39.1,,,,,,,,,,,,
,,Tocumen,64.8,"89,361","1,379.0",,,,,,,,,,,,
,,Las Mañanitas (10),23.9,"45,241","1,890.5",,,,,,,,,,,,
,,24 de Diciembre (10),81.2,"79,965",985.3,,,,,,,,,,,,
,,Alcalde Díaz (22),43.1,"46,976","1,089.8",,,,,,,,,,,,
,,Ernesto Córdoba Campos (22),30.0,"71,613","2,389.9",,,,,,,,,,,,
,,Caimitillo (25),893.1,"34,097",38.2,,,,,,,,,,,,
,,Las Garzas (43),174.8,"56,980",326.0,,,,,,,,,,,,
,,Don Bosco (44),16.8,"49,906","2,965.5",,,,,,,,,,,,
,,,,,,,,,,,,,,,,,
,San Miguelito,,49.9,"280,777","5,629.6",,,,,,,,,,,,
,,,,,,,,,,,,,,,,,
,,Amelia Denis de Icaza,3.8,"29,208","7,718.6",,,,,,,,,,,,
,,Belisario Porras,4.0,"44,129","11,023.7",,,,,,,,,,,,
,,José Domingo Espinar,7.1,"44,448","6,250.2",,,,,,,,,,,,
,,Mateo Iturralde,1.0,"9,638","9,738.4",,,,,,,,,,,,
,,Victoriano Lorenzo,2.0,"15,181","7,538.5",,,,,,,,,,,,
,,Arnulfo Arias (7),3.5,"31,433","8,977.4",,,,,,,,,,,,
,,Belisario Frías (7),4.7,"33,072","6,968.8",,,,,,,,,,,,
,,Omar Torrijos (7),11.0,"32,403","2,949.1",,,,,,,,,,,,
,,Rufina Alfaro (7),12.7,"41,265","3,239.3",,,,,,,,,,,,
,,,,,,,,,,,,,,,,,
,Taboga,,12.2,"1,089",89.4,,,,,,,,,,,,
,,,,,,,,,,,,,,,,,
,,Taboga (cabecera),8.6,734,85.1,,,,,,,,,,,,
,,Otoque Occidente,1.7,167,100.9,,,,,,,,,,,,
,,Otoque Oriente,1.9,188,98.8,,,,,,,,,,,,
,,,,,,,,,,,,,,,,,
Panamá Oeste (38),,,"2,892.1","653,665",226.0,,,,,,,,,,,,
,,,,,,,,,,,,,,,,,
,Arraiján,,418.1,"299,079",715.3,,,,,,,,,,,,
,,,,,,,,,,,,,,,,,
,,Arraiján (cabecera),65.7,"44,327",674.5,,,,,,,,,,,,
,,Juan Demóstenes Arosemena,40.7,"66,474","1,631.5",,,,,,,,,,,,
,,Nuevo Emperador,107.9,"10,414",96.5,,,,,,,,,,,,
,,Santa Clara,53.5,"2,630",49.2,,,,,,,,,,,,
,,Veracruz,49.4,"24,486",496.2,,,,,,,,,,,,
,,Vista Alegre,11.4,"21,417","1,883.9",,,,,,,,,,,,
,,Burunga (18),51.7,"51,167",988.8,,,,,,,,,,,,
,,Cerro Silvestre (18),19.0,"31,567","1,663.8",,,,,,,,,,,,
,,Vacamonte (54),18.8,"46,597","2,474.6",,,,,,,,,,,,
,Capira,,974.0,"45,629",46.8,,,,,,,,,,,,
,,,,,,,,,,,,,,,,,
,,Capira  (cabecera),48.5,"5,819",120.0,,,,,,,,,,,,
,,Caimito,42.6,"2,084",49.0,,,,,,,,,,,,
,,Campana,75.1,"2,268",30.2,,,,,,,,,,,,
,,Cermeño,93.2,"2,274",24.4,,,,,,,,,,,,
,,Cirí de los Sotos,92.1,"2,313",25.1,,,,,,,,,,,,
,,Cirí Grande,147.0,"4,593",31.2,,,,,,,,,,,,
,,El Cacao,177.3,"5,639",31.8,,,,,,,,,,,,
,,La Trinidad,106.1,"2,991",28.2,,,,,,,,,,,,
,,Las Ollas Arriba,26.2,"1,550",59.1,,,,,,,,,,,,
,,Lídice,42.3,"6,315",149.5,,,,,,,,,,,,
,,Villa Carmen,6.2,"1,697",272.2,,,,,,,,,,,,
,,Villa Rosario,23.5,"5,920",252.0,,,,,,,,,,,,
,,Santa Rosa ,93.9,"2,166",23.1,,,,,,,,,,,,
,,,,,,,,,,,,,,,,,
,Chame,,375.3,"28,535",76.0,,,,,,,,,,,,
,,,,,,,,,,,,,,,,,
,,Chame (cabecera),31.3,"2,544",81.3,,,,,,,,,,,,
,,Bejuco,59.4,"6,242",105.0,,,,,,,,,,,,
,,Buenos Aires,40.9,"2,288",56.0,,,,,,,,,,,,
,,Cabuya,44.7,"2,078",46.5,,,,,,,,,,,,
,,Chicá,18.4,882,47.8,,,,,,,,,,,,
,,El Líbano (5),30.5,299,9.8,,,,,,,,,,,,
,,Las Lajas,13.3,"3,893",292.7,,,,,,,,,,,,
,,Nueva Gorgona,19.2,"4,945",256.9,,,,,,,,,,,,
,,Punta Chame,16.6,477,28.8,,,,,,,,,,,,
,,Sajalices,24.8,"3,004",121.0,,,,,,,,,,,,
,,Sorá,76.2,"1,883",24.7,,,,,,,,,,,,
,,,,,,,,,,,,,,,,,
,La Chorrera,,787.9,"258,221",327.7,,,,,,,,,,,,
,,,,,,,,,,,,,,,,,
,La Chorrera,,22.7,"65,438","2,888.3",,,,,,,,,,,,
,,,,,,,,,,,,,,,,,
,,Barrio Balboa,7.9,"26,165","3,324.8",,,,,,,,,,,,
,,Barrio Colón,14.8,"39,273","2,656.0",,,,,,,,,,,,
,,,,,,,,,,,,,,,,,
,Resto del distrito,,765.2,"192,783",251.9,,,,,,,,,,,,
,,,,,,,,,,,,,,,,,
,,Amador,133.4,"3,337",25.0,,,,,,,,,,,,
,,Arosemena,31.3,586,18.7,,,,,,,,,,,,
,,El Arado,70.4,"6,242",88.7,,,,,,,,,,,,
,,El Coco,14.9,"22,807","1,535.0",,,,,,,,,,,,
,,Feuillet,19.5,"4,094",210.2,,,,,,,,,,,,
,,Guadalupe,25.6,"38,724","1,513.3",,,,,,,,,,,,
,,Herrera,86.0,"23,424",272.5,,,,,,,,,,,,
,,Hurtado,47.6,"1,599",33.6,,,,,,,,,,,,
,,Iturralde,63.6,"1,516",23.8,,,,,,,,,,,,
,,La Represa,38.4,936,24.4,,,,,,,,,,,,
,,Los Díaz,29.4,"1,750",59.6,,,,,,,,,,,,
,,Mendoza,54.6,"1,517",27.8,,,,,,,,,,,,
,,Obaldía,34.5,767,22.2,,,,,,,,,,,,
,,Playa Leona,52.5,"36,116",687.9,,,,,,,,,,,,
,,Puerto Caimito,31.4,"46,923","1,493.3",,,,,,,,,,,,
,,Santa Rita,32.2,"2,445",76.0,,,,,,,,,,,,
,San Carlos,,336.8,"22,201",65.9,,,,,,,,,,,,
,,,,,,,,,,,,,,,,,
,,San Carlos  (cabecera),28.9,"3,980",137.5,,,,,,,,,,,,
,,El Espino,35.1,"2,032",57.9,,,,,,,,,,,,
,,El Higo,43.8,"3,373",77.1,,,,,,,,,,,,
,,Guayabito,35.7,605,17.0,,,,,,,,,,,,
,,La Ermita,32.8,"1,820",55.4,,,,,,,,,,,,
,,La Laguna,53.6,"1,359",25.3,,,,,,,,,,,,
,,Las Uvas,17.9,"1,942",108.6,,,,,,,,,,,,
,,Los Llanitos,61.8,"3,791",61.4,,,,,,,,,,,,
,,San José,27.2,"3,299",121.4,,,,,,,,,,,,
,,,,,,,,,,,,,,,,,
Veraguas (6),,,"10,597.5","259,791",24.5,,,,,,,,,,,,
,,,,,,,,,,,,,,,,,
,Atalaya,,156.1,"17,507",112.1,,,,,,,,,,,,
,,,,,,,,,,,,,,,,,
,,Atalaya  (cabecera),47.1,"7,762",164.7,,,,,,,,,,,,
,,El Barrito,24.4,"1,063",43.6,,,,,,,,,,,,
,,La Montañuela,27.2,881,32.3,,,,,,,,,,,,
,,La Carrillo (6)       ,39.4,686,17.4,,,,,,,,,,,,
,,San Antonio (6)                ,17.9,"7,115",397.0,,,,,,,,,,,,
,,,,,,,,,,,,,,,,,
,Calobre,,805.1,"11,666",14.5,,,,,,,,,,,,
,,,,,,,,,,,,,,,,,
,,Calobre  (cabecera),78.6,"2,877",36.6,,,,,,,,,,,,
,,Barnizal,27.4,370,13.5,,,,,,,,,,,,
,,Chitra,109.8,"1,277",11.6,,,,,,,,,,,,
,,El Cocla,71.7,549,7.7,,,,,,,,,,,,
,,El Potrero,43.4,591,13.6,,,,,,,,,,,,
,,La Laguna,85.0,708,8.3,,,,,,,,,,,,
,,La Raya de Calobre,33.1,498,15.0,,,,,,,,,,,,
,,La Tetilla,54.3,426,7.8,,,,,,,,,,,,
,,La Yeguada,128.7,"1,414",11.0,,,,,,,,,,,,
,,Las Guías,92.9,"1,694",18.2,,,,,,,,,,,,
,,Monjarás,43.0,594,13.8,,,,,,,,,,,,
,,San José,37.3,668,17.9,,,,,,,,,,,,
,,,,,,,,,,,,,,,,,
,Cañazas,,781.9,"16,933",21.7,,,,,,,,,,,,
,,,,,,,,,,,,,,,,,
,,Cañazas (cabecera),89.4,"5,367",60.0,,,,,,,,,,,,
,,Cerro de Plata,98.0,"1,625",16.6,,,,,,,,,,,,
,,El Picador (4) ,153.9,"2,974",19.3,,,,,,,,,,,,
,,Los Valles,82.3,"1,240",15.1,,,,,,,,,,,,
,,San José (4),146.5,"1,937",13.2,,,,,,,,,,,,
,,San Marcelo,77.9,"1,380",17.7,,,,,,,,,,,,
,,El Aromillo (12),65.1,"1,098",16.9,,,,,,,,,,,,
,,Las Cruces (20),68.9,"1,312",19.0,,,,,,,,,,,,
,,,,,,,,,,,,,,,,,
,La Mesa,,509.8,"12,238",24.0,,,,,,,,,,,,
,,,,,,,,,,,,,,,,,
,,La Mesa (cabecera),165.3,"3,458",20.9,,,,,,,,,,,,
,,Bisvalles,83.4,"2,169",26.0,,,,,,,,,,,,
,,Boró,72.7,"1,565",21.5,,,,,,,,,,,,
,,Llano Grande,58.0,782,13.5,,,,,,,,,,,,
,,San Bartolo,38.6,"1,099",28.5,,,,,,,,,,,,
,,Los Milagros (11),34.8,"1,500",43.1,,,,,,,,,,,,
,,El Higo (31),56.9,"1,665",29.3,,,,,,,,,,,,
,Las Palmas,,"1,015.2","18,071",17.8,,,,,,,,,,,,
,,,,,,,,,,,,,,,,,
,,Las Palmas (cabecera),73.9,"2,388",32.3,,,,,,,,,,,,
,,Cerro de Casa,91.4,"2,198",24.1,,,,,,,,,,,,
,,Corozal,40.2,882,21.9,,,,,,,,,,,,
,,El María,97.2,"1,040",10.7,,,,,,,,,,,,
,,El Prado,41.5,"1,256",30.3,,,,,,,,,,,,
,,El Rincón,82.4,"2,635",32.0,,,,,,,,,,,,
,,Lolá,39.6,915,23.1,,,,,,,,,,,,
,,Pixvae,78.8,673,8.5,,,,,,,,,,,,
,,Puerto Vidal,132.3,"1,869",14.1,,,,,,,,,,,,
,,San Martín de Porres (4),26.7,"1,266",47.5,,,,,,,,,,,,
,,Viguí (4),59.8,"1,109",18.6,,,,,,,,,,,,
,,Zapotillo,194.3,992,5.1,,,,,,,,,,,,
,,Manuel E. Amador Terrero (28),57.2,848,14.8,,,,,,,,,,,,
,,,,,,,,,,,,,,,,,
,Montijo,,774.4,"6,784",8.8,,,,,,,,,,,,
,,,,,,,,,,,,,,,,,
,,Montijo  (cabecera),36.1,"2,501",69.2,,,,,,,,,,,,
,,Gobernadora,530.7,226,0.4,,,,,,,,,,,,
,,La Garceana,28.0,192,6.9,,,,,,,,,,,,
,,Leones,18.5,153,8.3,,,,,,,,,,,,
,,Pilón,26.8,874,32.7,,,,,,,,,,,,
,,Cébaco (18),78.3,285,3.6,,,,,,,,,,,,
,,Costa Hermosa (18),21.0,"1,721",81.9,,,,,,,,,,,,
,,Unión del Norte (18),35.0,832,23.8,,,,,,,,,,,,
,,,,,,,,,,,,,,,,,
,Río de Jesús,,316.5,"4,822",15.2,,,,,,,,,,,,
,,,,,,,,,,,,,,,,,
,,Río de Jesús  (cabecera),103.4,"2,482",24.0,,,,,,,,,,,,
,,Las Huacas,79.8,850,10.7,,,,,,,,,,,,
,,Los Castillos,17.5,509,29.1,,,,,,,,,,,,
,,Utira,49.3,273,5.5,,,,,,,,,,,,
,,Catorce de Noviembre (6),66.5,708,10.6,,,,,,,,,,,,
,,,,,,,,,,,,,,,,,
,San Francisco,,434.3,"10,107",23.3,,,,,,,,,,,,
,,,,,,,,,,,,,,,,,
,,San Francisco  (cabecera) (6),72.3,"2,567",35.5,,,,,,,,,,,,
,,Corral Falso,38.3,515,13.4,,,,,,,,,,,,
,,Los Hatillos,108.1,"1,178",10.9,,,,,,,,,,,,
,,Remance,77.3,"1,452",18.8,,,,,,,,,,,,
,,San Juan,62.8,"1,661",26.4,,,,,,,,,,,,
,,San José (15),75.5,"2,734",36.2,,,,,,,,,,,,
,,,,,,,,,,,,,,,,,
,Santa Fe,,"1,921.1","18,023",9.4,,,,,,,,,,,,
,,,,,,,,,,,,,,,,,
,,Santa Fe  (cabecera),143.3,"2,866",20.0,,,,,,,,,,,,
,,Calovébora,"1,129.0","6,373",5.6,,,,,,,,,,,,
,,El Alto,84.1,"1,362",16.2,,,,,,,,,,,,
,,El Cuay,87.4,"1,287",14.7,,,,,,,,,,,,
,,El Pantano,52.5,658,12.5,,,,,,,,,,,,
,,Gatú o Gatucito,63.9,"1,451",22.7,,,,,,,,,,,,
,,Río Luis (6),257.5,"3,001",11.7,,,,,,,,,,,,
,,Rubén Cantú (20),103.5,"1,025",9.9,,,,,,,,,,,,
,Santiago,,969.8,"109,605",113.0,,,,,,,,,,,,
,,,,,,,,,,,,,,,,,
,,Santiago   (cabecera),28.7,"23,236",810.0,,,,,,,,,,,,
,,La Colorada,64.8,"2,652",40.9,,,,,,,,,,,,
,,La Peña,117.1,"5,943",50.8,,,,,,,,,,,,
,,La Raya de Santa María,67.3,"2,109",31.3,,,,,,,,,,,,
,,Ponuga,124.4,"1,477",11.9,,,,,,,,,,,,
,,San Pedro del Espino,23.4,"1,974",84.4,,,,,,,,,,,,
,,Canto del Llano (2),65.8,"13,678",207.8,,,,,,,,,,,,
,,Los Algarrobos (6),63.3,"8,218",129.8,,,,,,,,,,,,
,,Carlos Santana Ávila (13),67.4,"5,500",81.6,,,,,,,,,,,,
,,Edwin Fábrega (13),35.1,"4,054",115.6,,,,,,,,,,,,
,,San Martín de Porres (13),5.3,"16,156","3,063.5",,,,,,,,,,,,
,,Urracá (13),73.6,"2,101",28.6,,,,,,,,,,,,
,,Rodrigo Luque (40),16.9,"9,114",539.1,,,,,,,,,,,,
,,Nuevo Santiago (46),23.5,"10,677",455.3,,,,,,,,,,,,
,,Santiago Este (46),28.6,"1,449",50.6,,,,,,,,,,,,
,,Santiago Sur (46),164.7,"1,267",7.7,,,,,,,,,,,,
,,,,,,,,,,,,,,,,,
,Soná,,"1,521.7","28,244",18.6,,,,,,,,,,,,
,,,,,,,,,,,,,,,,,
,,Soná  (cabecera),69.5,"12,242",176.1,,,,,,,,,,,,
,,Bahía Honda,173.1,668,3.9,,,,,,,,,,,,
,,Calidonia,158.6,"1,286",8.1,,,,,,,,,,,,
,,Cativé,136.0,725,5.3,,,,,,,,,,,,
,,El Marañón,114.2,"2,640",23.1,,,,,,,,,,,,
,,Guarumal,130.9,"1,456",11.1,,,,,,,,,,,,
,,La Soledad,119.3,"1,496",12.5,,,,,,,,,,,,
,,Quebrada de Oro,61.2,"1,035",16.9,,,,,,,,,,,,
,,Río Grande,152.4,"1,416",9.3,,,,,,,,,,,,
,,Rodeo Viejo,122.5,"1,749",14.3,,,,,,,,,,,,
,,Hicaco (30),94.5,"2,007",21.2,,,,,,,,,,,,
,,La Trinchera (47),189.5,"1,524",8.0,,,,,,,,,,,,
,,,,,,,,,,,,,,,,,
,Mariato (9),,"1,391.7","5,791",4.2,,,,,,,,,,,,
,,,,,,,,,,,,,,,,,
,,Llano de Catival o Mariato (Cab.),314.4,"2,884",9.2,,,,,,,,,,,,
,,Arenas,231.4,640,2.8,,,,,,,,,,,,
,,El Cacao (9),414.0,430,1.0,,,,,,,,,,,,
,,Quebro,350.3,"1,195",3.4,,,,,,,,,,,,
,,Tebario,81.6,642,7.9,,,,,,,,,,,,
,,,,,,,,,,,,,,,,,
Comarca Kuna Yala,,,"2,307.6","32,016",13.9,,,,,,,,,,,,
,,,,,,,,,,,,,,,,,
,Comarca Kuna Yala,,"2,307.6","32,016",13.9,,,,,,,,,,,,
,,,,,,,,,,,,,,,,,
,,Narganá  (cabecera),962.6,"12,954",13.5,,,,,,,,,,,,
,,Ailigandí,576.8,"10,911",18.9,,,,,,,,,,,,
,,Puerto Obaldía,97.9,611,6.2,,,,,,,,,,,,
,,Tubualá,670.3,"7,540",11.2,,,,,,,,,,,,
,,,,,,,,,,,,,,,,,
Comarca Emberá (1),,,"4,365.5","12,358",2.8,,,,,,,,,,,,
,,,,,,,,,,,,,,,,,
,Cémaco,,"3,058.5","9,547",3.1,,,,,,,,,,,,
,,,,,,,,,,,,,,,,,
,,Cirilo Guaynora  (cabecera),431.6,"2,520",5.8,,,,,,,,,,,,
,,Lajas Blancas,"1,651.1","5,161",3.1,,,,,,,,,,,,
,,Manuel Ortega,975.8,"1,866",1.9,,,,,,,,,,,,
,Sambú,,"1,307.0","2,811",2.2,,,,,,,,,,,,
,,,,,,,,,,,,,,,,,
,,Río Sábalo,544.9,"2,226",4.1,,,,,,,,,,,,
,,Jingurudó,762.1,585,0.8,,,,,,,,,,,,
,,,,,,,,,,,,,,,,,
Comarca Ngäbe Buglé (23),,,"6,829.5","212,084",31.1,,,,,,,,,,,,
,,,,,,,,,,,,,,,,,
,Besiko,,753.2,"31,422",41.7,,,,,,,,,,,,
,,,,,,,,,,,,,,,,,
,,Soloy   (cabecera),113.5,"6,569",57.9,,,,,,,,,,,,
,,Boca de Balsa,119.2,"3,096",26.0,,,,,,,,,,,,
,,Camarón Arriba,50.5,"4,341",85.9,,,,,,,,,,,,
,,Cerro Banco,109.8,"4,869",44.4,,,,,,,,,,,,
,,Cerro de Patena,52.0,"2,014",38.8,,,,,,,,,,,,
,,Emplanada de Chorcha,145.2,"3,223",22.2,,,,,,,,,,,,
,,Nämnoni,28.2,"3,469",123.0,,,,,,,,,,,,
,,Niba,134.8,"3,841",28.5,,,,,,,,,,,,
,,,,,,,,,,,,,,,,,
,Mironó,,340.2,"21,800",64.1,,,,,,,,,,,,
,,,,,,,,,,,,,,,,,
,,Hato Pilón  (cabecera),45.2,"3,794",84.0,,,,,,,,,,,,
,,Cascabel,123.4,"1,636",13.3,,,,,,,,,,,,
,,Hato Corotú,21.0,"2,543",121.0,,,,,,,,,,,,
,,Hato Culantro,67.8,"3,406",50.3,,,,,,,,,,,,
,,Hato Jobo,30.9,"2,326",75.3,,,,,,,,,,,,
,,Hato Julí,9.9,"2,237",225.5,,,,,,,,,,,,
,,Quebrada de Loro,14.5,"2,376",163.5,,,,,,,,,,,,
,,Salto Dupí,27.4,"3,482",126.9,,,,,,,,,,,,
,,,,,,,,,,,,,,,,,
,Müna,,799.5,"47,200",59.0,,,,,,,,,,,,
,,,,,,,,,,,,,,,,,
,,Chichica   (cabecera),50.7,"3,470",68.5,,,,,,,,,,,,
,,Alto Caballero,19.4,"3,247",167.5,,,,,,,,,,,,
,,Bakama,11.7,"1,458",124.5,,,,,,,,,,,,
,,Cerro Caña,31.2,"3,109",99.5,,,,,,,,,,,,
,,Cerro Puerco,43.3,"5,310",122.5,,,,,,,,,,,,
,,Krüa,168.9,"2,901",17.2,,,,,,,,,,,,
,,Maraca,37.0,"3,795",102.5,,,,,,,,,,,,
,,Nibra,35.1,"2,530",72.0,,,,,,,,,,,,
,,Peña Blanca,103.1,"3,562",34.5,,,,,,,,,,,,
,,Roka,83.3,"3,204",38.4,,,,,,,,,,,,
,,Sitio Prado,52.1,"2,767",53.2,,,,,,,,,,,,
,,Ümani,23.8,"2,497",104.9,,,,,,,,,,,,
,,Dikeri (27),31.2,"2,521",80.7,,,,,,,,,,,,
,,Diko (27),42.0,"2,596",61.8,,,,,,,,,,,,
,,Kikari (27),13.5,"1,995",148.3,,,,,,,,,,,,
,,Mreeni (27),53.1,"2,238",42.2,,,,,,,,,,,,
,,,,,,,,,,,,,,,,,
,Nole Duima,,185.0,"20,709",111.9,,,,,,,,,,,,
,,,,,,,,,,,,,,,,,
,,Cerro Iglesias   (cabecera),34.9,"5,773",165.6,,,,,,,,,,,,
,,Hato Chamí,50.1,"5,218",104.1,,,,,,,,,,,,
,,Jädaberi,66.5,"2,313",34.8,,,,,,,,,,,,
,,Lajero,11.7,"3,759",321.9,,,,,,,,,,,,
,,Susama,21.9,"3,646",166.6,,,,,,,,,,,,
,Ñürüm,,581.9,"17,637",30.3,,,,,,,,,,,,
,,,,,,,,,,,,,,,,,
,,Buenos Aires  (cabecera),26.9,"1,177",43.7,,,,,,,,,,,,
,,Agua de Salud,69.9,"2,404",34.4,,,,,,,,,,,,
,,Alto de Jesús,27.5,920,33.5,,,,,,,,,,,,
,,Cerro Pelado,31.1,"3,278",105.3,,,,,,,,,,,,
,,El Bale,48.1,"1,009",21.0,,,,,,,,,,,,
,,El Paredón (6),117.7,"1,208",10.3,,,,,,,,,,,,
,,El Piro (6),4.8,802,167.9,,,,,,,,,,,,
,,Guayabito,59.3,"2,176",36.7,,,,,,,,,,,,
,,Güibale,98.0,"1,484",15.1,,,,,,,,,,,,
,,El Peñon (27),63.2,"1,901",30.1,,,,,,,,,,,,
,,El Piro No.2 (Muakwata Kubu) (27),35.3,"1,278",36.2,,,,,,,,,,,,
,,,,,,,,,,,,,,,,,
,Kankintú,,"1,044.5","19,751",18.9,,,,,,,,,,,,
,,,,,,,,,,,,,,,,,
,,Bisira  (cabecera),208.6,"3,409",16.3,,,,,,,,,,,,
,,Guoroni,391.7,"3,609",9.2,,,,,,,,,,,,
,,Kankintú,102.0,"4,879",47.8,,,,,,,,,,,,
,,Mününi,85.8,"1,638",19.1,,,,,,,,,,,,
,,Piedra Roja,71.7,"2,962",41.3,,,,,,,,,,,,
,,Calante (29),88.6,958,10.8,,,,,,,,,,,,
,,Tolote (29),96.2,"2,296",23.9,,,,,,,,,,,,
,,,,,,,,,,,,,,,,,
,Kusapín,,843.4,"17,047",20.2,,,,,,,,,,,,
,,,,,,,,,,,,,,,,,
,,Kusapín  (cabecera),22.5,"3,638",161.4,,,,,,,,,,,,
,,Bahía Azul,81.6,"4,226",51.8,,,,,,,,,,,,
,,Río Chiriquí,519.0,"3,836",7.4,,,,,,,,,,,,
,,Tobobe,90.6,"3,166",34.9,,,,,,,,,,,,
,,Cañaveral (29),129.6,"2,181",16.8,,,,,,,,,,,,
,,,,,,,,,,,,,,,,,
,Jirondai (29),,"1,379.0","25,804",18.7,,,,,,,,,,,,
,,,,,,,,,,,,,,,,,
,,Samboa (cabecera) (29),203.9,"3,854",18.9,,,,,,,,,,,,
,,Bürí,338.3,"5,719",16.9,,,,,,,,,,,,
,,Guariviara (5),395.4,"4,036",10.2,,,,,,,,,,,,
,,Man Creek (18),184.1,"6,594",35.8,,,,,,,,,,,,
,,Tuwai,257.4,"5,601",21.8,,,,,,,,,,,,
,,,,,,,,,,,,,,,,,
,Santa Catalina o Calovébora (29),,902.8,"10,714",11.9,,,,,,,,,,,,
,,,,,,,,,,,,,,,,,
,,Santa Catalina o Calovébora,202.0,"3,083",15.3,,,,,,,,,,,,
,,Alto Bilingüe (29),65.2,"1,352",20.7,,,,,,,,,,,,
,,Loma Yuca,299.7,820,2.7,,,,,,,,,,,,
,,San Pedrito (29),144.3,"3,425",23.7,,,,,,,,,,,,
,,Valle Bonito,191.5,"2,034",10.6,,,,,,,,,,,,
,,,,,,,,,,,,,,,,,
,,,,,,,,,,,,,,,,,